{
  "IsEncrypted": false,
  "Values": {
    "AzureWebJobsStorage": "DefaultEndpointsProtocol=https;AccountName=celldeathstorageaccount;AccountKey=/ERbxqU1caqL/hJUAQXrKLdsk069W/QuV+zCANPBYa9u+f+8AY3BolAq/VTIRy/nQOVzI4qB2OHps8LpV7WuHA==;EndpointSuffix=core.windows.net",
    "FUNCTIONS_WORKER_RUNTIME": "python",
    "celldeathstorageaccount_STORAGE": "DefaultEndpointsProtocol=https;AccountName=celldeathstorageaccount;AccountKey=/ERbxqU1caqL/hJUAQXrKLdsk069W/QuV+zCANPBYa9u+f+8AY3BolAq/VTIRy/nQOVzI4qB2OHps8LpV7WuHA==;EndpointSuffix=core.windows.net",
    "CellDeathStorageQueuesConnectionString":"DefaultEndpointsProtocol=https;AccountName=celldeathstorageaccount;AccountKey=/ERbxqU1caqL/hJUAQXrKLdsk069W/QuV+zCANPBYa9u+f+8AY3BolAq/VTIRy/nQOVzI4qB2OHps8LpV7WuHA==;EndpointSuffix=core.windows.net",
    "db_server": "tietjenlab-db-server.database.windows.net",
    "db_database": "TietjenLabCellDeathDb",
    "db_username": "tietjenlabadmin",
    "db_password": "CellDeath123",
    "db_driver": "{ODBC Driver 17 for SQL Server}"
  }
}
