{
  "scriptFile": "__init__.py",
  "bindings": [
    {
      "authLevel": "function",
      "type": "httpTrigger",
      "direction": "in",
      "name": "req",
      "methods": [
        "get",
        "post"
      ]
    },
    {
      "type": "http",
      "direction": "out",
      "name": "$return"
    },
    {
      "type": "queue",
      "direction": "out",
      "name": "msg",
      "queueName": "container-execution-complete",
      "connection": "CellDeathStorageQueuesConnectionString"
    }
  ],
  "disabled": false
}
